,account_value,date,daily_return,datadate
0,1000000.0,2022-01-03,,2022-01-03
1,999244.3187942504,2022-01-04,-0.0007556812057495,2022-01-04
2,995251.1622314454,2022-01-05,-0.003996176398204,2022-01-05
3,993590.1622772218,2022-01-06,-0.0016689254102446,2022-01-06
4,994439.7103134156,2022-01-07,0.0008550286309667,2022-01-07
5,995925.0578445436,2022-01-10,0.0014936526726792,2022-01-10
6,999106.7711593627,2022-01-11,0.0031947316615423,2022-01-11
7,1001201.9151245118,2022-01-12,0.0020970170812852,2022-01-12
8,987254.0816650392,2022-01-13,-0.0139310894723347,2022-01-13
9,996504.9632110598,2022-01-14,0.009370314813405,2022-01-14
10,984383.7842025758,2022-01-18,-0.0121636915579683,2022-01-18
11,978583.9016220092,2022-01-19,-0.0058918916317427,2022-01-19
12,971765.9045471192,2022-01-20,-0.0069672074756075,2022-01-20
13,960479.55368042,2022-01-21,-0.0116142692534156,2022-01-21
14,957653.3630142212,2022-01-24,-0.0029424787392601,2022-01-24
15,942116.7184113312,2022-01-25,-0.0162236621338521,2022-01-25
16,941174.6480844116,2022-01-26,-0.0009999507582331,2022-01-26
17,941505.226117859,2022-01-27,0.0003512398406821,2022-01-27
18,946239.7262704468,2022-01-28,0.0050286498908878,2022-01-28
19,947731.6681237796,2022-01-31,0.0015767059994542,2022-01-31
20,947297.9372964478,2022-02-01,-0.0004576515082483,2022-02-01
21,950256.0732003785,2022-02-02,0.003122709115543,2022-02-02
22,938536.406458435,2022-02-03,-0.0123331668930803,2022-02-03
23,940230.2781121826,2022-02-04,0.0018048012225113,2022-02-04
24,936728.3567697144,2022-02-07,-0.0037245358121199,2022-02-07
25,957291.6443704223,2022-02-08,0.0219522420263011,2022-02-08
26,961622.7507730102,2022-02-09,0.0045243332353916,2022-02-09
27,938948.6365319825,2022-02-10,-0.0235790118555337,2022-02-10
28,925426.72217041,2022-02-11,-0.014401122527336,2022-02-11
29,923191.6940499878,2022-02-14,-0.0024151324647082,2022-02-14
30,935392.211874237,2022-02-15,0.0132155844803221,2022-02-15
31,932912.567861786,2022-02-16,-0.0026509136819545,2022-02-16
32,914700.532629242,2022-02-17,-0.0195216956657423,2022-02-17
33,907560.8756925964,2022-02-18,-0.0078054583789549,2022-02-18
34,904161.1163084412,2022-02-22,-0.00374604004559,2022-02-22
35,887743.5311338806,2022-02-23,-0.0181578093532612,2022-02-23
36,908704.2465574646,2022-02-24,0.0236112285682461,2022-02-24
37,925428.352071991,2022-02-25,0.0184043439632686,2022-02-25
38,927099.4344389344,2022-02-28,0.0018057393240675,2022-02-28
39,917606.451528778,2022-03-01,-0.0102394441820593,2022-03-01
40,933703.5879576112,2022-03-02,0.0175425275203922,2022-03-02
41,932710.626516571,2022-03-03,-0.0010634653800699,2022-03-03
42,920674.6536772156,2022-03-04,-0.0129042947482078,2022-03-04
43,902389.6030485536,2022-03-07,-0.0198604909515329,2022-03-07
44,891436.3602507019,2022-03-08,-0.0121380418844012,2022-03-08
45,916609.5298521424,2022-03-09,0.0282388858295625,2022-03-09
46,900814.3659269714,2022-03-10,-0.0172321620174719,2022-03-10
47,890692.8691007996,2022-03-11,-0.0112359407320913,2022-03-11
48,880724.5141508484,2022-03-14,-0.0111916860410196,2022-03-14
49,904463.1801817322,2022-03-15,0.0269535656717485,2022-03-15
50,920529.6855833436,2022-03-16,0.0177635814852994,2022-03-16
51,928536.7333280944,2022-03-17,0.0086983047588269,2022-03-17
52,940667.7460691832,2022-03-18,0.0130646557165363,2022-03-18
53,940869.576452484,2022-03-21,0.0002145607565946,2022-03-21
54,952365.370153656,2022-03-22,0.0122182648784503,2022-03-22
55,944918.0503141785,2022-03-23,-0.0078198137740728,2022-03-23
56,959906.1989653016,2022-03-24,0.0158618502907628,2022-03-24
57,962710.749716034,2022-03-25,0.0029216925088675,2022-03-25
58,975736.1162321472,2022-03-28,0.013529885814566,2022-03-28
59,988072.205297699,2022-03-29,0.0126428538006651,2022-03-29
60,985715.0362913512,2022-03-30,-0.0023856242425496,2022-03-30
61,972909.0796720886,2022-03-31,-0.0129915403009817,2022-03-31
62,975744.161169281,2022-04-01,0.0029140251195394,2022-04-01
63,991148.7626707458,2022-04-04,,2022-04-04
64,980930.2445906068,2022-04-05,-0.0103097723217697,2022-04-05
65,969134.3265386964,2022-04-06,-0.0120252363681918,2022-04-06
66,972789.5379911804,2022-04-07,0.0037716252044635,2022-04-07
67,968237.4799658204,2022-04-08,-0.0046793862881792,2022-04-08
68,949986.2402105712,2022-04-11,-0.0188499620525878,2022-04-11
69,946132.5826223756,2022-04-12,-0.0040565404266713,2022-04-12
70,953821.6767637634,2022-04-13,0.0081268675052668,2022-04-13
71,947015.340440216,2022-04-14,-0.0071358582944358,2022-04-14
72,951090.957765808,2022-04-18,0.004303644462293,2022-04-18
73,959341.3868544006,2022-04-19,0.0086747003756333,2022-04-19
74,961942.7372702028,2022-04-20,0.0027116003243972,2022-04-20
75,956312.5862394716,2022-04-21,-0.0058528962406935,2022-04-21
76,943668.9724645998,2022-04-22,-0.0132212144405529,2022-04-22
77,948388.0545427096,2022-04-25,0.005000781222874,2022-04-25
78,935055.1317819369,2022-04-26,-0.014058509801878,2022-04-26
79,931007.789793564,2022-04-27,-0.004328452784019,2022-04-27
80,941282.9149804842,2022-04-28,0.0110365619918157,2022-04-28
81,921703.7208261264,2022-04-29,-0.0208005413067161,2022-04-29
82,917915.5541757356,2022-05-02,-0.0041099613300848,2022-05-02
83,923735.2727884066,2022-05-03,0.0063401459820526,2022-05-03
84,943500.376955582,2022-05-04,0.0213969356258443,2022-05-04
85,922232.1922288669,2022-05-05,-0.0225417872066375,2022-05-05
86,913112.7245195165,2022-05-06,-0.0098884725410749,2022-05-06
87,894509.9309121859,2022-05-09,-0.0203729431293593,2022-05-09
88,889416.6659837497,2022-05-10,-0.0056939165820577,2022-05-10
89,881356.1224641574,2022-05-11,-0.0090627304702872,2022-05-11
90,864964.6699685825,2022-05-12,-0.0185979901628714,2022-05-12
91,882684.5016740572,2022-05-13,0.0204861913101241,2022-05-13
92,873816.5749612582,2022-05-16,-0.0100465417666001,2022-05-16
93,900791.9432283177,2022-05-17,0.0308707445475675,2022-05-17
94,877244.2953454745,2022-05-18,-0.0261410507274869,2022-05-18
95,865265.8845750582,2022-05-19,-0.0136545895299312,2022-05-19
96,859762.325931946,2022-05-20,-0.0063605404318177,2022-05-20
97,901120.2411998904,2022-05-23,0.0481038933906694,2022-05-23
98,895667.0312084353,2022-05-24,-0.0060515897236907,2022-05-24
99,914105.3867534793,2022-05-25,0.0205861719842104,2022-05-25
100,936609.760685364,2022-05-26,0.0246190146759892,2022-05-26
101,955931.589817444,2022-05-27,0.0206295406508911,2022-05-27
102,956428.297001282,2022-05-31,0.0005196053662508,2022-05-31
103,939333.8794750368,2022-06-01,-0.0178731825269513,2022-06-01
104,956737.164112488,2022-06-02,0.0185272617305971,2022-06-02
105,943555.299976746,2022-06-03,-0.0137779367523266,2022-06-03
106,942820.5073894656,2022-06-06,-0.0007787488314657,2022-06-06
107,949251.9979442752,2022-06-07,0.0068215429176625,2022-06-07
108,934000.5284923709,2022-06-08,-0.01606682891891,2022-06-08
109,909577.2627605592,2022-06-09,-0.0261490919831005,2022-06-09
110,870469.9016613162,2022-06-10,-0.0429950953045513,2022-06-10
111,833199.9424633181,2022-06-13,-0.0428159079674865,2022-06-13
112,821729.2578930056,2022-06-14,-0.0137670251589311,2022-06-14
113,831160.2309459841,2022-06-15,0.0114769834010297,2022-06-15
114,796937.5585064089,2022-06-16,-0.0411745788181235,2022-06-16
115,817156.5299572146,2022-06-17,0.0253708351865098,2022-06-17
116,827781.7440685427,2022-06-21,0.0130026668353055,2022-06-21
117,824558.6844829714,2022-06-22,-0.0038936103733454,2022-06-22
118,811809.4858440554,2022-06-23,-0.0154618450800869,2022-06-23
119,836911.4420208132,2022-06-24,0.0309209939209551,2022-06-24
120,827991.8863872683,2022-06-27,-0.0106577054461194,2022-06-27
121,819490.1147655642,2022-06-28,-0.0102679407388874,2022-06-28
122,809120.5375866091,2022-06-29,-0.012653694037446,2022-06-29
123,799639.0920604861,2022-06-30,-0.0117182114229897,2022-06-30
124,809887.4021953738,2022-07-01,0.0128161694902635,2022-07-01
125,806110.4099773562,2022-07-05,-0.0046636016411407,2022-07-05
126,798966.810673157,2022-07-06,,2022-07-06
127,816987.637312134,2022-07-07,0.0225551629908054,2022-07-07
128,818193.6747039797,2022-07-08,0.0014762002957762,2022-07-08
129,809677.8006050113,2022-07-11,-0.0104081397378799,2022-07-11
130,803691.7521707461,2022-07-12,-0.0073931240671193,2022-07-12
131,801347.7591137699,2022-07-13,-0.0029165324275696,2022-07-13
132,782136.7371345065,2022-07-14,-0.0239733895312933,2022-07-14
133,814557.7385740359,2022-07-15,0.0414518330366495,2022-07-15
134,810467.9605625918,2022-07-18,-0.0050208571078137,2022-07-18
135,836364.2269225466,2022-07-19,0.0319522394715996,2022-07-19
136,841141.6434061435,2022-07-20,0.0057121243709521,2022-07-20
137,847964.0031783603,2022-07-21,0.0081108334436874,2022-07-21
138,853749.5478581699,2022-07-22,0.0068228658977551,2022-07-22
139,856309.9415726322,2022-07-25,0.0029989986183718,2022-07-25
140,836208.9289577487,2022-07-26,-0.0234739918795845,2022-07-26
141,855601.7408157504,2022-07-27,0.0231913475047114,2022-07-27
142,861604.1949889224,2022-07-28,0.0070154768122012,2022-07-28
143,871539.2662512821,2022-07-29,0.0115308993620757,2022-07-29
144,865614.5319283145,2022-08-01,-0.006798011922574,2022-08-01
145,855126.7680464785,2022-08-02,-0.0121159748305894,2022-08-02
146,875221.2987073825,2022-08-03,0.0234988909384856,2022-08-03
147,879433.8175410922,2022-08-04,0.0048130899464295,2022-08-04
148,884398.9013151706,2022-08-05,0.0056457730815502,2022-08-05
149,879866.5603328098,2022-08-08,-0.0051247700281182,2022-08-08
150,887573.9850505069,2022-08-09,0.0087597654748712,2022-08-09
151,908567.1467425236,2022-08-10,0.0236522949586248,2022-08-10
152,909253.4241949924,2022-08-11,0.0007553403784512,2022-08-11
153,924925.0431209567,2022-08-12,0.0172356996508857,2022-08-12
154,925394.496771744,2022-08-15,0.0005075585900489,2022-08-15
155,924769.52110463,2022-08-16,-0.0006753613397253,2022-08-16
156,918818.9502104648,2022-08-17,-0.0064346529144442,2022-08-17
157,919604.122185776,2022-08-18,0.0008545448209698,2022-08-18
158,906297.2629433902,2022-08-19,-0.0144702039946899,2022-08-19
159,880394.0637153323,2022-08-22,-0.0285813499468505,2022-08-22
160,877453.1186164554,2022-08-23,-0.003340487197819,2022-08-23
161,882420.4294379886,2022-08-24,0.0056610555209668,2022-08-24
162,896533.6505531009,2022-08-25,0.015993760620548,2022-08-25
163,866283.2922614749,2022-08-26,-0.0337414644424819,2022-08-26
164,853505.2202705081,2022-08-29,-0.0147504541587186,2022-08-29
165,850888.4341376956,2022-08-30,-0.0030659286793619,2022-08-30
166,840275.3844245608,2022-08-31,-0.0124729039523144,2022-08-31
167,835968.9568275149,2022-09-01,-0.0051250193411235,2022-09-01
168,825920.3138526614,2022-09-02,-0.0120203542162473,2022-09-02
169,818327.8075507815,2022-09-06,-0.0091927830984847,2022-09-06
170,836590.1936286624,2022-09-07,0.0223167120918685,2022-09-07
171,841276.6792396243,2022-09-08,0.0056018892483482,2022-09-08
172,865116.694452637,2022-09-09,0.0283379009561517,2022-09-09
173,881021.1709998782,2022-09-12,0.0183841979344809,2022-09-12
174,838521.1950019534,2022-09-13,-0.0482394491720229,2022-09-13
175,841904.966516846,2022-09-14,0.0040354036785972,2022-09-14
176,832257.398737305,2022-09-15,-0.0114592123377715,2022-09-15
177,821524.6199744876,2022-09-16,-0.0128959847988147,2022-09-16
178,828618.9495032962,2022-09-19,0.0086355653334271,2022-09-19
179,819775.0089667971,2022-09-20,-0.0106731092039354,2022-09-20
180,799666.0675910647,2022-09-21,-0.0245298297164202,2022-09-21
181,783963.4197486575,2022-09-22,-0.0196365063853594,2022-09-22
182,770919.282129639,2022-09-23,-0.0166387069733439,2022-09-23
183,761190.2078956302,2022-09-26,-0.0126200945540401,2022-09-26
184,759936.7359412845,2022-09-27,-0.0016467263258824,2022-09-27
185,776080.5403999026,2022-09-28,0.0212436163368545,2022-09-28
186,762358.234888428,2022-09-29,-0.0176815482377689,2022-09-29
187,746909.7546485598,2022-09-30,-0.0202640694792639,2022-09-30
188,773892.1005958255,2022-10-03,0.0361253093554274,2022-10-03
189,802342.7360175784,2022-10-04,,2022-10-04
190,799327.1800178225,2022-10-05,-0.0037584387125176,2022-10-05
191,789930.1046439823,2022-10-06,-0.011756231501637,2022-10-06
192,766389.3378165896,2022-10-07,-0.0298010756761857,2022-10-07
193,758608.1054740604,2022-10-10,-0.0101531062066934,2022-10-10
194,761226.1412223515,2022-10-11,0.0034511043704905,2022-10-11
195,760371.2753791508,2022-10-12,-0.001123011674071,2022-10-12
196,782889.8520652469,2022-10-13,0.0296152385226118,2022-10-13
197,767823.1897330936,2022-10-14,-0.019244932467074,2022-10-14
198,784292.5707954105,2022-10-17,0.0214494447192223,2022-10-17
199,793894.1116752323,2022-10-18,0.012242294823836,2022-10-18
200,784833.6124274905,2022-10-19,-0.0114127301292394,2022-10-19
201,780664.5238425906,2022-10-20,-0.0053120668112122,2022-10-20
202,781744.5918067631,2022-10-21,0.0013835238200092,2022-10-21
203,797187.508766663,2022-10-24,0.0197544276247672,2022-10-24
204,804836.5290211795,2022-10-25,0.0095950076618114,2022-10-25
205,814726.6676869511,2022-10-26,0.0122883819373851,2022-10-26
206,815752.0861973881,2022-10-27,0.0012586043284286,2022-10-27
207,832143.1047612309,2022-10-28,0.0200931371689763,2022-10-28
208,823082.8776814579,2022-10-31,-0.0108878232937742,2022-10-31
209,824535.5521687625,2022-11-01,0.0017649188516672,2022-11-01
210,814136.4496464848,2022-11-02,-0.0126120729360003,2022-11-02
211,802965.7245976566,2022-11-03,-0.0137209494227641,2022-11-03
212,815221.5769795537,2022-11-04,0.0152632322980388,2022-11-04
213,835445.1604497074,2022-11-07,0.0248074683512222,2022-11-07
214,874567.1511983037,2022-11-08,0.046827718443587,2022-11-08
215,864708.2613041997,2022-11-09,-0.011272879253006,2022-11-09
216,873499.1591740727,2022-11-10,0.0101663165061174,2022-11-10
217,857552.0509785771,2022-11-11,-0.0182565810487719,2022-11-11
218,857976.1979863285,2022-11-14,0.0004946020562452,2022-11-14
219,853033.490740479,2022-11-15,-0.0057608908702246,2022-11-15
220,858879.2617078861,2022-11-16,0.0068529208183054,2022-11-16
221,869112.951203278,2022-11-17,0.011915166603327,2022-11-17
222,869073.303621552,2022-11-18,-4.56184454175057e-05,2022-11-18
223,871701.4483144688,2022-11-21,0.0030240771198069,2022-11-21
224,868343.970653336,2022-11-22,-0.0038516371260193,2022-11-22
225,857303.8156240392,2022-11-23,-0.0127140343025475,2022-11-23
226,858332.3692129063,2022-11-25,0.0011997538913535,2022-11-25
227,854944.668285172,2022-11-28,-0.003946840465589,2022-11-28
228,853039.062450211,2022-11-29,-0.0022289230001084,2022-11-29
229,866378.0145376134,2022-11-30,0.0156369768684314,2022-11-30
230,864986.7817495274,2022-12-01,-0.0016058034307674,2022-12-01
231,863686.0262563634,2022-12-02,-0.001503786555597,2022-12-02
232,861871.1864736485,2022-12-05,-0.0021012726008561,2022-12-05
233,856971.1671865392,2022-12-06,-0.0056853267216854,2022-12-06
234,864442.1854360509,2022-12-07,0.00871793420313,2022-12-07
235,863867.5583608556,2022-12-08,-0.0006647374282242,2022-12-08
236,842936.5987050938,2022-12-09,-0.0242293618427773,2022-12-09
237,837280.3239858556,2022-12-12,-0.0067102018442755,2022-12-12
238,823608.8197133946,2022-12-13,-0.0163284671582607,2022-12-13
239,820190.8955190587,2022-12-14,-0.0041499363684878,2022-12-14
240,805097.646434586,2022-12-15,-0.0184021173204085,2022-12-15
241,808938.8888662267,2022-12-16,0.0047711509885188,2022-12-16
242,803766.7639272618,2022-12-19,-0.0063937152857292,2022-12-19
243,800893.2916677403,2022-12-20,-0.0035750075624942,2022-12-20
244,805460.7587697911,2022-12-21,0.0057029658627052,2022-12-21
245,802435.977672379,2022-12-22,-0.0037553425967417,2022-12-22
246,798382.7392385411,2022-12-23,-0.0050511673786052,2022-12-23
247,796779.7510793614,2022-12-27,-0.002007794107258,2022-12-27
248,790821.1474416661,2022-12-28,-0.0074783572619955,2022-12-28
249,796084.038432877,2022-12-29,0.0066549699742306,2022-12-29
250,794511.2735402989,2022-12-30,-0.0019756267135743,2022-12-30
251,791516.6675832677,2023-01-03,-0.0037691170116284,2023-01-03
252,799804.4359243321,2023-01-04,,2023-01-04
253,806315.41267421,2023-01-05,0.0081407109756188,2023-01-05
254,830627.7374392247,2023-01-06,0.0301523750915053,2023-01-06
255,816654.4865572667,2023-01-09,-0.0168225189843006,2023-01-09
256,827088.3304262853,2023-01-10,0.0127763259013051,2023-01-10
257,826083.7385729527,2023-01-11,-0.0012146125345703,2023-01-11
258,821259.2099980321,2023-01-12,-0.0058402415513648,2023-01-12
259,825767.3552181554,2023-01-13,0.0054893085705962,2023-01-13
260,820021.9228089757,2023-01-17,-0.0069576889578807,2023-01-17
261,805137.6260163732,2023-01-18,-0.0181510961824246,2023-01-18
262,798749.4588670506,2023-01-19,-0.0079342548937002,2023-01-19
263,804026.6498681493,2023-01-20,0.0066068163709105,2023-01-20
264,805436.4374078221,2023-01-23,0.0017534089695956,2023-01-23
265,805926.691190476,2023-01-24,0.0006086809087402,2023-01-24
266,800564.2831876836,2023-01-25,-0.0066537168472126,2023-01-25
267,801692.8494749151,2023-01-26,0.0014097135119965,2023-01-26
268,803004.0250370489,2023-01-27,0.0016355086152914,2023-01-27
269,802224.1398842472,2023-01-30,-0.0009712095188634,2023-01-30
270,802765.6521500248,2023-01-31,0.0006750136761723,2023-01-31
271,802873.8272255558,2023-02-01,0.0001347529945274,2023-02-01
272,804262.1969917911,2023-02-02,0.0017292502497348,2023-02-02
273,805887.221262421,2023-02-03,0.0020205155441943,2023-02-03
274,804547.8911888736,2023-02-06,-0.001661932387325,2023-02-06
275,810445.4627541201,2023-02-07,0.0073302927393568,2023-02-07
276,807475.8789955752,2023-02-08,-0.0036641376810888,2023-02-08
277,803321.0853691713,2023-02-09,-0.0051454089645031,2023-02-09
278,803934.3115288393,2023-02-10,0.0007633637045467,2023-02-10
279,812258.3929344789,2023-02-13,0.010354181039754,2023-02-13
280,812646.0142897341,2023-02-14,0.0004772143429072,2023-02-14
281,814844.4171202395,2023-02-15,0.0027052404021532,2023-02-15
282,807637.9067396852,2023-02-16,-0.0088440323442638,2023-02-16
283,804746.1067670899,2023-02-17,-0.003580564939391,2023-02-17
284,791909.7068265992,2023-02-21,-0.0159508692649144,2023-02-21
285,790241.4284746246,2023-02-22,-0.0021066522326892,2023-02-22
286,794364.6671098786,2023-02-23,0.0052176948546127,2023-02-23
287,789500.5990440369,2023-02-24,-0.0061232180473718,2023-02-24
288,794287.1405525208,2023-02-27,0.0060627458855377,2023-02-27
289,795385.5802513123,2023-02-28,0.0013829251950718,2023-02-28
290,788371.873917389,2023-03-01,-0.0088179953321598,2023-03-01
291,788391.6443061829,2023-03-02,2.507749128044523e-05,2023-03-02
292,807280.4678245087,2023-03-03,0.0239586805044702,2023-03-03
293,812405.6245087739,2023-03-06,0.0063486692525545,2023-03-06
294,796100.7283600923,2023-03-07,-0.0200698956983963,2023-03-07
295,797041.077096695,2023-03-08,0.0011811931620007,2023-03-08
296,772284.745858902,2023-03-09,-0.031060295321253,2023-03-09
297,774333.0344026032,2023-03-10,0.0026522452433308,2023-03-10
298,774717.8854615631,2023-03-13,0.0004970097385252,2023-03-13
299,790371.5719087067,2023-03-14,0.0202056603324929,2023-03-14
300,776735.3415925446,2023-03-15,-0.0172529362148379,2023-03-15
301,793119.3037354889,2023-03-16,0.0210933650956994,2023-03-16
302,779533.7295777741,2023-03-17,-0.017129294538323,2023-03-17
303,786807.2157380524,2023-03-20,0.0093305599030562,2023-03-20
304,800465.789407486,2023-03-21,0.0173594921300022,2023-03-21
305,787993.7227265778,2023-03-22,-0.0155810115134841,2023-03-22
306,790871.648376648,2023-03-23,0.0036522190051364,2023-03-23
307,789539.2060435029,2023-03-24,-0.0016847769620772,2023-03-24
308,793394.5803721162,2023-03-27,0.0048830688825867,2023-03-27
309,792638.6196558686,2023-03-28,-0.0009528180995299,2023-03-28
310,802176.7855799409,2023-03-29,0.0120334357770925,2023-03-29
311,805769.0955012055,2023-03-30,0.0044782022938592,2023-03-30
312,817130.4066279145,2023-03-31,0.0140999588965893,2023-03-31
313,819846.6268552857,2023-04-03,0.0033240963808707,2023-04-03
314,813727.3881773072,2023-04-04,-0.0074638822403286,2023-04-04
315,809046.144845398,2023-04-05,,2023-04-05
316,811210.1794341889,2023-04-06,0.0026747974792022,2023-04-06
317,805171.393620865,2023-04-10,-0.0074441691763975,2023-04-10
318,803503.2743988953,2023-04-11,-0.0020717566907936,2023-04-11
319,801456.5836662904,2023-04-12,-0.0025472089508733,2023-04-12
320,817332.0523445435,2023-04-13,0.0198082703440156,2023-04-13
321,840502.0059656983,2023-04-14,0.0283482747980958,2023-04-14
322,843309.2263259889,2023-04-17,0.0033399329690655,2023-04-17
323,850406.6416136323,2023-04-18,0.0084161480345288,2023-04-18
324,853066.4567032624,2023-04-19,0.0031276979264684,2023-04-19
325,849182.9017434083,2023-04-20,-0.0045524647339463,2023-04-20
326,843812.9317227174,2023-04-21,-0.0063236907027521,2023-04-21
327,845088.9957295533,2023-04-24,0.0015122593632581,2023-04-24
328,832969.3660830689,2023-04-25,-0.0143412465524079,2023-04-25
329,829407.8625104524,2023-04-26,-0.0042756717325199,2023-04-26
330,846795.433545517,2023-04-27,0.0209638367575102,2023-04-27
331,852915.2885537568,2023-04-28,0.0072270760632424,2023-04-28
332,859683.7008739167,2023-05-01,0.0079356208183778,2023-05-01
333,851019.1277095948,2023-05-02,-0.0100787919504742,2023-05-02
334,839798.7564116365,2023-05-03,-0.0131846287969537,2023-05-03
335,829897.1932425539,2023-05-04,-0.0117903998946019,2023-05-04
336,858548.3513514253,2023-05-05,0.0345237438349759,2023-05-05
337,859296.4606342164,2023-05-08,0.0008713653478147,2023-05-08
338,852892.4871845094,2023-05-09,-0.0074525774783018,2023-05-09
339,857191.2097742616,2023-05-10,0.0050401693699315,2023-05-10
340,856318.9938913728,2023-05-11,-0.0010175277965326,2023-05-11
341,848691.5393808137,2023-05-12,-0.0089072583522848,2023-05-12
342,850582.3328442536,2023-05-15,0.0022278924387761,2023-05-15
343,848118.8684109346,2023-05-16,-0.0028962092653411,2023-05-16
344,861122.5220928041,2023-05-17,0.0153323480542693,2023-05-17
345,870473.4433886567,2023-05-18,0.0108589905105802,2023-05-18
346,869665.2025123902,2023-05-19,-0.000928507219152,2023-05-19
347,864821.7330611115,2023-05-22,-0.0055693494890749,2023-05-22
348,854296.703118683,2023-05-23,-0.0121701728114236,2023-05-23
349,850674.4683338014,2023-05-24,-0.0042400196227591,2023-05-24
350,854030.8846031037,2023-05-25,0.0039455942246351,2023-05-25
351,863834.9787603151,2023-05-26,0.0114797887687254,2023-05-26
352,869882.9079591371,2023-05-30,0.0070012552715812,2023-05-30
353,865832.670682541,2023-05-31,-0.0046560717994775,2023-05-31
354,876144.0484677583,2023-06-01,0.0119092038616293,2023-06-01
355,886408.7106504061,2023-06-02,0.0117157243727206,2023-06-02
356,879816.8539591219,2023-06-05,-0.0074365883503643,2023-06-05
357,879534.820226349,2023-06-06,-0.000320559593174,2023-06-06
358,878772.5212147676,2023-06-07,-0.0008667070297287,2023-06-07
359,885622.2426887819,2023-06-08,0.0077946468609939,2023-06-08
360,887370.4069615785,2023-06-09,0.0019739389872244,2023-06-09
361,895014.7159325868,2023-06-12,0.0086145637842296,2023-06-12
362,896375.6495151216,2023-06-13,0.0015205711797896,2023-06-13
363,896771.2239444123,2023-06-14,0.0004413043008304,2023-06-14
364,906647.8090397798,2023-06-15,0.0110134946702746,2023-06-15
365,904481.9030072786,2023-06-16,-0.002388916634338,2023-06-16
366,901943.8644599458,2023-06-20,-0.0028060689096089,2023-06-20
367,898033.1948941499,2023-06-21,-0.0043358236802658,2023-06-21
368,899463.2368648836,2023-06-22,0.0015924154907238,2023-06-22
369,895860.6295372164,2023-06-23,-0.0040052857971429,2023-06-23
370,892482.746308304,2023-06-26,-0.0037705454593504,2023-06-26
371,898843.141708542,2023-06-27,0.0071266312167348,2023-06-27
372,899931.7114115144,2023-06-28,0.0012110786103383,2023-06-28
373,912597.6540363618,2023-06-29,0.0140743374905427,2023-06-29
374,927921.256501694,2023-06-30,0.0167911920412644,2023-06-30
375,928457.0793677064,2023-07-03,0.0005774443275852,2023-07-03
376,923580.44206308,2023-07-05,-0.0052524100607294,2023-07-05
377,919368.0259866336,2023-07-06,-0.0045609628404829,2023-07-06
378,918274.110367737,2023-07-07,,2023-07-07
379,917541.1929904023,2023-07-10,-0.0007981466199032,2023-07-10
380,922535.7738718416,2023-07-11,0.0054434404902969,2023-07-11
381,928401.2348557892,2023-07-12,0.0063579767311685,2023-07-12
382,931960.4682935335,2023-07-13,0.0038337232913063,2023-07-13
383,934571.9853616182,2023-07-14,0.002802175797077,2023-07-14
384,951073.525428528,2023-07-17,0.0176567886961911,2023-07-17
385,952931.9605267642,2023-07-18,0.0019540393550527,2023-07-18
386,957349.0106238712,2023-07-19,0.0046352208552908,2023-07-19
387,958105.9203218232,2023-07-20,0.0007906308875369,2023-07-20
388,951302.1695799564,2023-07-21,-0.0071012511221949,2023-07-21
389,961787.5870615848,2023-07-24,0.011022173413373,2023-07-24
390,960944.2131906132,2023-07-25,-0.0008768816340708,2023-07-25
391,962828.5925579836,2023-07-26,0.0019609664551845,2023-07-26
392,953070.3225630496,2023-07-27,-0.0101350022946543,2023-07-27
393,962708.5011183626,2023-07-28,0.0101127674707082,2023-07-28
394,967087.611574692,2023-07-31,0.004548739780777,2023-07-31
395,963398.0805300449,2023-08-01,-0.0038150949308921,2023-08-01
396,949086.215086548,2023-08-02,-0.014855609257206,2023-08-02
397,948755.1367368776,2023-08-03,-0.0003488390668915,2023-08-03
398,932126.016842316,2023-08-04,-0.0175273042017517,2023-08-04
399,929530.4233683932,2023-08-07,-0.0027845950300964,2023-08-07
400,928940.6336187136,2023-08-08,-0.0006345029004454,2023-08-08
401,919393.6694957432,2023-08-09,-0.0102772596842708,2023-08-09
402,919328.7474650728,2023-08-10,-7.061396311969226e-05,2023-08-10
403,921633.4556157688,2023-08-11,0.0025069466793579,2023-08-11
404,926126.6817767032,2023-08-14,0.004875285433223,2023-08-14
405,912036.3889769444,2023-08-15,-0.0152142175331001,2023-08-15
406,908045.440928818,2023-08-16,-0.0043758649285945,2023-08-16
407,897850.8937817691,2023-08-17,-0.0112269129798407,2023-08-17
408,899201.6824194338,2023-08-18,0.0015044687787468,2023-08-18
409,904948.332028412,2023-08-21,0.0063908350277059,2023-08-21
410,898202.2628364566,2023-08-22,-0.0074546456998648,2023-08-22
411,908935.1013069156,2023-08-23,0.0119492445237952,2023-08-23
412,898873.2219089511,2023-08-24,-0.01106996460308,2023-08-24
413,902463.9259273836,2023-08-25,0.0039946723641484,2023-08-25
414,906167.819599686,2023-08-28,0.0041042013601775,2023-08-28
415,916403.3048741916,2023-08-29,0.0112953528619315,2023-08-29
416,919731.4404362338,2023-08-30,0.0036317367520832,2023-08-30
417,914222.0370713504,2023-08-31,-0.0059902305419398,2023-08-31
418,918065.3566337894,2023-09-01,0.0042039235618853,2023-09-01
419,915156.7113495792,2023-09-05,-0.0031682333541863,2023-09-05
420,905905.394743378,2023-09-06,-0.0101089971711603,2023-09-06
421,895149.6028921054,2023-09-07,-0.0118729747208531,2023-09-07
422,897953.8634915927,2023-09-08,0.0031327284181628,2023-09-08
423,902689.55543129,2023-09-11,0.0052738699973771,2023-09-11
424,902439.9994059452,2023-09-12,-0.0002764583060071,2023-09-12
425,901532.3107245486,2023-09-13,-0.0010058161007866,2023-09-13
426,913545.6794090732,2023-09-14,0.0133254998646354,2023-09-14
427,909258.9862807164,2023-09-15,-0.0046923686740324,2023-09-15
428,913046.0925467836,2023-09-18,0.0041650468383693,2023-09-18
429,913717.4141098176,2023-09-19,0.0007352548447596,2023-09-19
430,905109.9423480076,2023-09-20,-0.0094202776798294,2023-09-20
431,899025.3451326754,2023-09-21,-0.0067224951695344,2023-09-21
432,894841.4010726778,2023-09-22,-0.0046538666375196,2023-09-22
433,898878.7529497226,2023-09-25,0.0045118072009242,2023-09-25
434,886174.6839634555,2023-09-26,-0.0141332398219202,2023-09-26
435,886733.4816530917,2023-09-27,0.0006305728427458,2023-09-27
436,892620.0883621523,2023-09-28,0.0066385298749365,2023-09-28
437,886866.2859375918,2023-09-29,-0.0064459701272442,2023-09-29
438,889946.5106923678,2023-10-02,0.0034731557661136,2023-10-02
439,880119.5254550021,2023-10-03,-0.0110422200877223,2023-10-03
440,886839.012810837,2023-10-04,0.0076347441017867,2023-10-04
441,890834.1644832003,2023-10-05,,2023-10-05
442,905901.369955002,2023-10-06,0.0169135918586404,2023-10-06
443,908871.5195688936,2023-10-09,0.0032786677583225,2023-10-09
444,909704.654395554,2023-10-10,0.0009166695277846,2023-10-10
445,916250.393958542,2023-10-11,0.0071954557244049,2023-10-11
446,915934.6026377414,2023-10-12,-0.000344656136448,2023-10-12
447,917518.5763010714,2023-10-13,0.0017293523563455,2023-10-13
448,919919.1446604464,2023-10-16,0.0026163703072397,2023-10-16
449,916137.7435373996,2023-10-17,-0.0041105798754114,2023-10-17
450,908150.7355723116,2023-10-18,-0.0087181300207634,2023-10-18
451,906330.9902109836,2023-10-19,-0.0020037922010616,2023-10-19
452,892633.5266184543,2023-10-20,-0.0151130919503709,2023-10-20
453,888371.6234507296,2023-10-23,-0.0047745273291155,2023-10-23
454,890393.6849741671,2023-10-24,0.0022761437556764,2023-10-24
455,890432.0193552707,2023-10-25,4.3053294009665066e-05,2023-10-25
456,877391.2849802707,2023-10-26,-0.014645401436083,2023-10-26
457,865183.343696091,2023-10-27,-0.0139139076181434,2023-10-27
458,877989.213630173,2023-10-30,0.0148013366500734,2023-10-30
459,883737.8728556369,2023-10-31,0.006547528302421,2023-10-31
460,893199.2893442843,2023-11-01,0.0107061344537318,2023-11-01
461,907598.0548166964,2023-11-02,0.0161204399109884,2023-11-02
462,913691.182960007,2023-11-03,0.0067134654057199,2023-11-03
463,923156.3045420382,2023-11-06,0.0103592130016707,2023-11-06
464,929190.547187302,2023-11-07,0.0065365340794125,2023-11-07
465,934600.6431345677,2023-11-08,0.0058223751453803,2023-11-08
466,930712.8625559544,2023-11-09,-0.0041598308402335,2023-11-09
467,948971.9723276828,2023-11-10,0.0196184134831711,2023-11-10
468,942806.1301340793,2023-11-13,-0.0064973912543272,2023-11-13
469,956982.0510019992,2023-11-14,0.0150358810945616,2023-11-14
470,961918.2957224582,2023-11-15,0.0051581372036084,2023-11-15
471,973369.1821055148,2023-11-16,0.0119042193437606,2023-11-16
472,973472.6405405734,2023-11-17,0.0001062889980087,2023-11-17
473,982069.6161265108,2023-11-20,0.0088312452018821,2023-11-20
474,977173.601569626,2023-11-21,-0.0049854047783248,2023-11-21
475,982187.6464915012,2023-11-22,0.0051311710772998,2023-11-22
476,980559.5535044406,2023-11-24,-0.0016576190841701,2023-11-24
477,979902.2389292452,2023-11-27,-0.0006703464086869,2023-11-27
478,984361.394843552,2023-11-28,0.0045506130480723,2023-11-28
479,982855.5038828586,2023-11-29,-0.0015298151355607,2023-11-29
480,989118.793708298,2023-11-30,0.0063725438792332,2023-11-30
481,990825.6770090793,2023-12-01,0.0017256605694266,2023-12-01
482,988281.163489792,2023-12-04,-0.0025680738583279,2023-12-04
483,996233.1602244112,2023-12-05,0.0080462898903579,2023-12-05
484,987356.0218882296,2023-12-06,-0.0089107035286618,2023-12-06
485,993109.6654734348,2023-12-07,0.0058273241441337,2023-12-07
486,1002290.1948618623,2023-12-08,0.0092442251924425,2023-12-08
487,998543.3298411104,2023-12-11,-0.0037383035771075,2023-12-11
488,1006994.9251169894,2023-12-12,0.0084639244220114,2023-12-12
489,1013855.0542368623,2023-12-13,0.0068124763578882,2023-12-13
490,1017502.8665842746,2023-12-14,0.0035979623834472,2023-12-14
491,1023185.0317148898,2023-12-15,0.005584421741916,2023-12-15
492,1024742.3133311009,2023-12-18,0.0015219941339454,2023-12-18
493,1033408.3244394992,2023-12-19,0.0084567710298095,2023-12-19
494,1022855.005958054,2023-12-20,-0.0102121477366357,2023-12-20
495,1027362.502692673,2023-12-21,0.0044067797570166,2023-12-21
496,1026251.3147959444,2023-12-22,-0.0010815928105377,2023-12-22
497,1028386.0758127902,2023-12-26,0.0020801542332447,2023-12-26
498,1031291.4355845188,2023-12-27,0.0028251644397578,2023-12-27
499,1035417.0425791476,2023-12-28,0.0040004278638177,2023-12-28
500,1033663.1041025852,2023-12-29,-0.0016939439901371,2023-12-29
501,1026371.8815378878,2024-01-02,-0.0070537707457667,2024-01-02
502,1022015.852729294,2024-01-03,-0.0042441038057928,2024-01-03
503,1020346.6512522432,2024-01-04,-0.0016332442129867,2024-01-04
